key,inp_path,pred_path,ref_path,psnr,ssim,uciqe_inp,uciqe_pred,uciqe_ref,uiqm_inp,uiqm_pred,uiqm_ref
test_p0,D:\VScode\Graduation project\EUVP Dataset\test_samples\Inp\test_p0_.jpg,D:\VScode\Graduation project\Unpaired_Baselines\results\euvp_fastcut_full\test_200\images\fake_B\test_p0_.png,D:\VScode\Graduation project\EUVP Dataset\test_samples\GTr\test_p0_.jpg,24.942629788064696,0.8159008351300135,27.753859182834223,31.471684765264555,29.73859669116533,6.791069310177062,6.988297791018798,7.822162634185138
test_p100,D:\VScode\Graduation project\EUVP Dataset\test_samples\Inp\test_p100_.jpg,D:\VScode\Graduation project\Unpaired_Baselines\results\euvp_fastcut_full\test_200\images\fake_B\test_p100_.png,D:\VScode\Graduation project\EUVP Dataset\test_samples\GTr\test_p100_.jpg,21.35361769137681,0.8155656882547845,26.791072202494604,28.16189015559669,28.54380474693445,4.535249898532121,4.5479748543174585,4.846802851355681
test_p101,D:\VScode\Graduation project\EUVP Dataset\test_samples\Inp\test_p101_.jpg,D:\VScode\Graduation project\Unpaired_Baselines\results\euvp_fastcut_full\test_200\images\fake_B\test_p101_.png,D:\VScode\Graduation project\EUVP Dataset\test_samples\GTr\test_p101_.jpg,26.884103581782913,0.8470347943157299,22.83289872818868,24.0469290877414,23.614280634551026,6.390019676084072,5.437262982520825,6.014408227684749
test_p102,D:\VScode\Graduation project\EUVP Dataset\test_samples\Inp\test_p102_.jpg,D:\VScode\Graduation project\Unpaired_Baselines\results\euvp_fastcut_full\test_200\images\fake_B\test_p102_.png,D:\VScode\Graduation project\EUVP Dataset\test_samples\GTr\test_p102_.jpg,19.84082893823994,0.685720979970558,15.296192628045524,20.382205945898615,14.083399761219015,3.611634969913413,3.9556445378503264,3.789446490327837
test_p104,D:\VScode\Graduation project\EUVP Dataset\test_samples\Inp\test_p104_.jpg,D:\VScode\Graduation project\Unpaired_Baselines\results\euvp_fastcut_full\test_200\images\fake_B\test_p104_.png,D:\VScode\Graduation project\EUVP Dataset\test_samples\GTr\test_p104_.jpg,20.81019357431842,0.7650288195684306,26.44236123186863,33.10654615011154,31.236630484851954,4.678279870386691,4.691859669657851,5.0617314965771065
test_p105,D:\VScode\Graduation project\EUVP Dataset\test_samples\Inp\test_p105_.jpg,D:\VScode\Graduation project\Unpaired_Baselines\results\euvp_fastcut_full\test_200\images\fake_B\test_p105_.png,D:\VScode\Graduation project\EUVP Dataset\test_samples\GTr\test_p105_.jpg,21.683127545849405,0.6772863819758926,21.730502077700045,25.90042796894341,21.33117601194939,3.3555731272553873,4.0587795697066245,3.655301820033833
test_p106,D:\VScode\Graduation project\EUVP Dataset\test_samples\Inp\test_p106_.jpg,D:\VScode\Graduation project\Unpaired_Baselines\results\euvp_fastcut_full\test_200\images\fake_B\test_p106_.png,D:\VScode\Graduation project\EUVP Dataset\test_samples\GTr\test_p106_.jpg,22.066530151433234,0.7441616745102021,25.553058997506337,29.76065317479461,27.67476340093038,5.2500322424064585,5.403389151858353,5.658489020128778
test_p107,D:\VScode\Graduation project\EUVP Dataset\test_samples\Inp\test_p107_.jpg,D:\VScode\Graduation project\Unpaired_Baselines\results\euvp_fastcut_full\test_200\images\fake_B\test_p107_.png,D:\VScode\Graduation project\EUVP Dataset\test_samples\GTr\test_p107_.jpg,21.601773851258322,0.8186664858724603,21.221188086759152,23.534371275847686,22.682102923177933,4.163499320222481,3.9909800403966544,4.27748587419025
test_p109,D:\VScode\Graduation project\EUVP Dataset\test_samples\Inp\test_p109_.jpg,D:\VScode\Graduation project\Unpaired_Baselines\results\euvp_fastcut_full\test_200\images\fake_B\test_p109_.png,D:\VScode\Graduation project\EUVP Dataset\test_samples\GTr\test_p109_.jpg,24.96345798761695,0.6175020034648799,22.300763829422614,26.92707946980916,22.044001110120202,9.182209739827835,9.429049376810815,8.759168723087363
test_p110,D:\VScode\Graduation project\EUVP Dataset\test_samples\Inp\test_p110_.jpg,D:\VScode\Graduation project\Unpaired_Baselines\results\euvp_fastcut_full\test_200\images\fake_B\test_p110_.png,D:\VScode\Graduation project\EUVP Dataset\test_samples\GTr\test_p110_.jpg,21.323963213233775,0.7569838838231834,29.62382909517665,25.840490372827727,27.508782309794682,5.064093083318138,5.226529670930265,5.888038207384919
test_p112,D:\VScode\Graduation project\EUVP Dataset\test_samples\Inp\test_p112_.jpg,D:\VScode\Graduation project\Unpaired_Baselines\results\euvp_fastcut_full\test_200\images\fake_B\test_p112_.png,D:\VScode\Graduation project\EUVP Dataset\test_samples\GTr\test_p112_.jpg,20.87819402774224,0.7597699068844174,20.2161423796456,22.992895739398385,22.445323760889227,3.265421373459379,3.581493814029685,3.6306865279941922
test_p113,D:\VScode\Graduation project\EUVP Dataset\test_samples\Inp\test_p113_.jpg,D:\VScode\Graduation project\Unpaired_Baselines\results\euvp_fastcut_full\test_200\images\fake_B\test_p113_.png,D:\VScode\Graduation project\EUVP Dataset\test_samples\GTr\test_p113_.jpg,23.8346554934906,0.7847382520892096,29.867729142617435,32.4079471418112,29.554879320096973,4.2194632576912285,4.484149237675051,4.684658885339363
test_p114,D:\VScode\Graduation project\EUVP Dataset\test_samples\Inp\test_p114_.jpg,D:\VScode\Graduation project\Unpaired_Baselines\results\euvp_fastcut_full\test_200\images\fake_B\test_p114_.png,D:\VScode\Graduation project\EUVP Dataset\test_samples\GTr\test_p114_.jpg,18.218666148195354,0.8625844587189239,28.134584105012763,25.931456713347696,37.4035061998386,4.906697824124228,4.447922813359003,4.199610268470589
test_p115,D:\VScode\Graduation project\EUVP Dataset\test_samples\Inp\test_p115_.jpg,D:\VScode\Graduation project\Unpaired_Baselines\results\euvp_fastcut_full\test_200\images\fake_B\test_p115_.png,D:\VScode\Graduation project\EUVP Dataset\test_samples\GTr\test_p115_.jpg,24.806296030038773,0.8394940449189338,27.647998741810095,30.846643493469166,30.35020959599312,5.622589057511606,5.764378007404076,6.7567006376068965
test_p116,D:\VScode\Graduation project\EUVP Dataset\test_samples\Inp\test_p116_.jpg,D:\VScode\Graduation project\Unpaired_Baselines\results\euvp_fastcut_full\test_200\images\fake_B\test_p116_.png,D:\VScode\Graduation project\EUVP Dataset\test_samples\GTr\test_p116_.jpg,16.313878729864456,0.7496849169721115,21.491566936935435,27.815435185813666,23.14414600936361,3.5448291375429313,3.911597392165546,4.043751661213208
test_p117,D:\VScode\Graduation project\EUVP Dataset\test_samples\Inp\test_p117_.jpg,D:\VScode\Graduation project\Unpaired_Baselines\results\euvp_fastcut_full\test_200\images\fake_B\test_p117_.png,D:\VScode\Graduation project\EUVP Dataset\test_samples\GTr\test_p117_.jpg,21.25309518231079,0.6635510299851654,23.746567057187704,27.47980839375263,24.966786331129192,3.3226603170643867,3.8901607536409064,3.7130606937931154
test_p118,D:\VScode\Graduation project\EUVP Dataset\test_samples\Inp\test_p118_.jpg,D:\VScode\Graduation project\Unpaired_Baselines\results\euvp_fastcut_full\test_200\images\fake_B\test_p118_.png,D:\VScode\Graduation project\EUVP Dataset\test_samples\GTr\test_p118_.jpg,20.953585644930115,0.5808260067149679,25.959880320873292,29.607078038887853,28.31615707952905,7.920230798696618,8.9772211216649,5.9667831217822735
test_p119,D:\VScode\Graduation project\EUVP Dataset\test_samples\Inp\test_p119_.jpg,D:\VScode\Graduation project\Unpaired_Baselines\results\euvp_fastcut_full\test_200\images\fake_B\test_p119_.png,D:\VScode\Graduation project\EUVP Dataset\test_samples\GTr\test_p119_.jpg,16.16095014094129,0.7746312642325638,27.427054626502933,26.58593897336395,27.299227586405763,4.148499946736083,4.118809314012145,3.713725203277118
test_p11,D:\VScode\Graduation project\EUVP Dataset\test_samples\Inp\test_p11_.jpg,D:\VScode\Graduation project\Unpaired_Baselines\results\euvp_fastcut_full\test_200\images\fake_B\test_p11_.png,D:\VScode\Graduation project\EUVP Dataset\test_samples\GTr\test_p11_.jpg,24.421844630532213,0.8108825806775039,25.765568184914162,27.247983398286365,28.115370321354604,4.137382022518923,4.506944860789895,4.570879231955395
test_p120,D:\VScode\Graduation project\EUVP Dataset\test_samples\Inp\test_p120_.jpg,D:\VScode\Graduation project\Unpaired_Baselines\results\euvp_fastcut_full\test_200\images\fake_B\test_p120_.png,D:\VScode\Graduation project\EUVP Dataset\test_samples\GTr\test_p120_.jpg,19.827300714387537,0.7474137647892642,26.635618578626623,31.608713710579348,28.42993105496507,3.903675409088311,4.121487503768115,4.299315333695385
test_p121,D:\VScode\Graduation project\EUVP Dataset\test_samples\Inp\test_p121_.jpg,D:\VScode\Graduation project\Unpaired_Baselines\results\euvp_fastcut_full\test_200\images\fake_B\test_p121_.png,D:\VScode\Graduation project\EUVP Dataset\test_samples\GTr\test_p121_.jpg,24.230701118358674,0.8658540285157844,25.567820998739627,30.11258536171805,28.053596263407634,4.743171012880633,4.876043712921703,5.179701968617476
test_p122,D:\VScode\Graduation project\EUVP Dataset\test_samples\Inp\test_p122_.jpg,D:\VScode\Graduation project\Unpaired_Baselines\results\euvp_fastcut_full\test_200\images\fake_B\test_p122_.png,D:\VScode\Graduation project\EUVP Dataset\test_samples\GTr\test_p122_.jpg,25.316560722962848,0.81522618829554,23.918118714686887,26.281630454367885,25.102154256773126,4.21783157190155,4.628180221690942,4.392765397598799
test_p123,D:\VScode\Graduation project\EUVP Dataset\test_samples\Inp\test_p123_.jpg,D:\VScode\Graduation project\Unpaired_Baselines\results\euvp_fastcut_full\test_200\images\fake_B\test_p123_.png,D:\VScode\Graduation project\EUVP Dataset\test_samples\GTr\test_p123_.jpg,25.22864813042917,0.78221226788049,25.63254054472069,25.846868365888767,23.57022939961331,7.295080578729482,6.635689969053029,8.954996863726674
test_p125,D:\VScode\Graduation project\EUVP Dataset\test_samples\Inp\test_p125_.jpg,D:\VScode\Graduation project\Unpaired_Baselines\results\euvp_fastcut_full\test_200\images\fake_B\test_p125_.png,D:\VScode\Graduation project\EUVP Dataset\test_samples\GTr\test_p125_.jpg,22.27064138155025,0.7353029484910426,21.01734649269826,25.730771815428138,24.13829988215156,3.6820254690245755,4.279267118633177,4.016744826366217
test_p126,D:\VScode\Graduation project\EUVP Dataset\test_samples\Inp\test_p126_.jpg,D:\VScode\Graduation project\Unpaired_Baselines\results\euvp_fastcut_full\test_200\images\fake_B\test_p126_.png,D:\VScode\Graduation project\EUVP Dataset\test_samples\GTr\test_p126_.jpg,14.975880296133221,0.6620479149898807,23.923280859723164,29.408117503904332,31.248404186266296,8.373824593462961,7.359362094469105,8.388231608031539
test_p127,D:\VScode\Graduation project\EUVP Dataset\test_samples\Inp\test_p127_.jpg,D:\VScode\Graduation project\Unpaired_Baselines\results\euvp_fastcut_full\test_200\images\fake_B\test_p127_.png,D:\VScode\Graduation project\EUVP Dataset\test_samples\GTr\test_p127_.jpg,25.821205014231985,0.8754125872548988,24.157617091903965,27.11535192392568,23.647089805447767,5.973552860121735,5.337681336625202,7.133515573004095
test_p128,D:\VScode\Graduation project\EUVP Dataset\test_samples\Inp\test_p128_.jpg,D:\VScode\Graduation project\Unpaired_Baselines\results\euvp_fastcut_full\test_200\images\fake_B\test_p128_.png,D:\VScode\Graduation project\EUVP Dataset\test_samples\GTr\test_p128_.jpg,22.300501850815277,0.7902035412093386,25.866611694438884,28.8497639603134,27.138904132461025,3.616723735176044,3.9757540730912853,3.7822363839192175
test_p129,D:\VScode\Graduation project\EUVP Dataset\test_samples\Inp\test_p129_.jpg,D:\VScode\Graduation project\Unpaired_Baselines\results\euvp_fastcut_full\test_200\images\fake_B\test_p129_.png,D:\VScode\Graduation project\EUVP Dataset\test_samples\GTr\test_p129_.jpg,22.39032653077298,0.8786887899273692,29.07287185930896,27.592267945981252,27.772950379484403,7.445128551953214,6.041678747059375,7.843282731691511
test_p12,D:\VScode\Graduation project\EUVP Dataset\test_samples\Inp\test_p12_.jpg,D:\VScode\Graduation project\Unpaired_Baselines\results\euvp_fastcut_full\test_200\images\fake_B\test_p12_.png,D:\VScode\Graduation project\EUVP Dataset\test_samples\GTr\test_p12_.jpg,21.455428353425454,0.6694895891245182,20.189005462511755,22.896350923369802,18.853473283858673,3.139859879660687,3.934709351496304,3.4225394087089196
test_p130,D:\VScode\Graduation project\EUVP Dataset\test_samples\Inp\test_p130_.jpg,D:\VScode\Graduation project\Unpaired_Baselines\results\euvp_fastcut_full\test_200\images\fake_B\test_p130_.png,D:\VScode\Graduation project\EUVP Dataset\test_samples\GTr\test_p130_.jpg,27.715132048187165,0.807015358592941,21.919586971858745,22.680280303279723,22.493275805649425,3.7811651116106852,3.8600703327426515,3.868230137308825
test_p131,D:\VScode\Graduation project\EUVP Dataset\test_samples\Inp\test_p131_.jpg,D:\VScode\Graduation project\Unpaired_Baselines\results\euvp_fastcut_full\test_200\images\fake_B\test_p131_.png,D:\VScode\Graduation project\EUVP Dataset\test_samples\GTr\test_p131_.jpg,20.48278410132143,0.7697864994122968,21.808333088008172,26.311320068235293,24.082908835253814,6.720306036407802,5.251710591087018,5.786099361692686
test_p132,D:\VScode\Graduation project\EUVP Dataset\test_samples\Inp\test_p132_.jpg,D:\VScode\Graduation project\Unpaired_Baselines\results\euvp_fastcut_full\test_200\images\fake_B\test_p132_.png,D:\VScode\Graduation project\EUVP Dataset\test_samples\GTr\test_p132_.jpg,27.23177314698755,0.8255586969996053,25.547956300282852,22.842337738648503,24.49258527425875,5.822355003324459,5.4871288305089685,5.857109777227899
test_p133,D:\VScode\Graduation project\EUVP Dataset\test_samples\Inp\test_p133_.jpg,D:\VScode\Graduation project\Unpaired_Baselines\results\euvp_fastcut_full\test_200\images\fake_B\test_p133_.png,D:\VScode\Graduation project\EUVP Dataset\test_samples\GTr\test_p133_.jpg,20.97949279604282,0.8509024166312814,22.11761973347192,18.259030292442496,23.37441870487753,7.070080212006051,5.2341626655771,6.2494729441504075
test_p134,D:\VScode\Graduation project\EUVP Dataset\test_samples\Inp\test_p134_.jpg,D:\VScode\Graduation project\Unpaired_Baselines\results\euvp_fastcut_full\test_200\images\fake_B\test_p134_.png,D:\VScode\Graduation project\EUVP Dataset\test_samples\GTr\test_p134_.jpg,20.914431209534104,0.6881823070743059,20.87095062113714,27.444367948899593,23.198208864157404,3.558894219137567,4.305344455879422,4.039438873135196
test_p135,D:\VScode\Graduation project\EUVP Dataset\test_samples\Inp\test_p135_.jpg,D:\VScode\Graduation project\Unpaired_Baselines\results\euvp_fastcut_full\test_200\images\fake_B\test_p135_.png,D:\VScode\Graduation project\EUVP Dataset\test_samples\GTr\test_p135_.jpg,17.836631799880397,0.6520262727710474,28.83589220728698,31.247545552865013,30.38069401784596,4.1096169918298555,4.896055762524893,4.788979772634175
test_p136,D:\VScode\Graduation project\EUVP Dataset\test_samples\Inp\test_p136_.jpg,D:\VScode\Graduation project\Unpaired_Baselines\results\euvp_fastcut_full\test_200\images\fake_B\test_p136_.png,D:\VScode\Graduation project\EUVP Dataset\test_samples\GTr\test_p136_.jpg,25.22972407696704,0.8288508941591827,21.044388227359665,20.353831252496114,20.990532698115864,5.391887694147391,5.216212972634214,5.589622597814809
test_p137,D:\VScode\Graduation project\EUVP Dataset\test_samples\Inp\test_p137_.jpg,D:\VScode\Graduation project\Unpaired_Baselines\results\euvp_fastcut_full\test_200\images\fake_B\test_p137_.png,D:\VScode\Graduation project\EUVP Dataset\test_samples\GTr\test_p137_.jpg,23.595047637680327,0.7692898848783726,22.659618321623515,21.93594580696399,20.49058083541903,5.93136711853207,6.181116331259826,6.597433335158618
test_p138,D:\VScode\Graduation project\EUVP Dataset\test_samples\Inp\test_p138_.jpg,D:\VScode\Graduation project\Unpaired_Baselines\results\euvp_fastcut_full\test_200\images\fake_B\test_p138_.png,D:\VScode\Graduation project\EUVP Dataset\test_samples\GTr\test_p138_.jpg,25.692368610321935,0.8457128911372216,22.86365493362421,22.38345969125949,23.583494981384078,6.5599095266069325,6.148950565098749,5.945014187892814
test_p139,D:\VScode\Graduation project\EUVP Dataset\test_samples\Inp\test_p139_.jpg,D:\VScode\Graduation project\Unpaired_Baselines\results\euvp_fastcut_full\test_200\images\fake_B\test_p139_.png,D:\VScode\Graduation project\EUVP Dataset\test_samples\GTr\test_p139_.jpg,25.66820172649382,0.8498118002767227,34.495671052971836,36.840135837228075,35.897191985775855,6.733564821437198,5.538107779196304,7.221532272602859
test_p13,D:\VScode\Graduation project\EUVP Dataset\test_samples\Inp\test_p13_.jpg,D:\VScode\Graduation project\Unpaired_Baselines\results\euvp_fastcut_full\test_200\images\fake_B\test_p13_.png,D:\VScode\Graduation project\EUVP Dataset\test_samples\GTr\test_p13_.jpg,23.066396607459293,0.7668820322603983,28.48757575761624,26.6519381046486,28.668032839634595,3.9745665946959354,4.341010264330664,4.766656011091977
test_p141,D:\VScode\Graduation project\EUVP Dataset\test_samples\Inp\test_p141_.jpg,D:\VScode\Graduation project\Unpaired_Baselines\results\euvp_fastcut_full\test_200\images\fake_B\test_p141_.png,D:\VScode\Graduation project\EUVP Dataset\test_samples\GTr\test_p141_.jpg,25.86947611649048,0.7855342281755391,27.851931933754024,21.65880743538953,19.352197661107294,7.404562034754491,6.986460184144568,7.740518225911454
test_p142,D:\VScode\Graduation project\EUVP Dataset\test_samples\Inp\test_p142_.jpg,D:\VScode\Graduation project\Unpaired_Baselines\results\euvp_fastcut_full\test_200\images\fake_B\test_p142_.png,D:\VScode\Graduation project\EUVP Dataset\test_samples\GTr\test_p142_.jpg,25.230333683126076,0.7419859155252584,28.51559551192882,30.222628100809317,29.206512409740682,8.007848637768769,7.499109532766056,8.81089833309024
test_p143,D:\VScode\Graduation project\EUVP Dataset\test_samples\Inp\test_p143_.jpg,D:\VScode\Graduation project\Unpaired_Baselines\results\euvp_fastcut_full\test_200\images\fake_B\test_p143_.png,D:\VScode\Graduation project\EUVP Dataset\test_samples\GTr\test_p143_.jpg,28.277598372612033,0.8095906309465292,16.44030149514144,16.21328874533292,17.598578605062457,5.88277624131325,3.7011376238788882,4.375776151724438
test_p144,D:\VScode\Graduation project\EUVP Dataset\test_samples\Inp\test_p144_.jpg,D:\VScode\Graduation project\Unpaired_Baselines\results\euvp_fastcut_full\test_200\images\fake_B\test_p144_.png,D:\VScode\Graduation project\EUVP Dataset\test_samples\GTr\test_p144_.jpg,24.961565250807986,0.7914325220854233,26.817966947462264,25.463648199821108,23.342496294181252,3.963613655184864,4.591145864755735,4.738426351798305
test_p145,D:\VScode\Graduation project\EUVP Dataset\test_samples\Inp\test_p145_.jpg,D:\VScode\Graduation project\Unpaired_Baselines\results\euvp_fastcut_full\test_200\images\fake_B\test_p145_.png,D:\VScode\Graduation project\EUVP Dataset\test_samples\GTr\test_p145_.jpg,23.760124198030933,0.6943414068309686,26.61128237703742,26.710007628505476,25.77789462838198,4.23455702537457,4.415586174592977,4.148938567926198
test_p146,D:\VScode\Graduation project\EUVP Dataset\test_samples\Inp\test_p146_.jpg,D:\VScode\Graduation project\Unpaired_Baselines\results\euvp_fastcut_full\test_200\images\fake_B\test_p146_.png,D:\VScode\Graduation project\EUVP Dataset\test_samples\GTr\test_p146_.jpg,24.263573844417504,0.8753436831422845,28.27754576434076,26.031060063460043,27.405507510247272,6.740700455411046,6.159257531212571,7.339422621663239
test_p147,D:\VScode\Graduation project\EUVP Dataset\test_samples\Inp\test_p147_.jpg,D:\VScode\Graduation project\Unpaired_Baselines\results\euvp_fastcut_full\test_200\images\fake_B\test_p147_.png,D:\VScode\Graduation project\EUVP Dataset\test_samples\GTr\test_p147_.jpg,22.31691843073706,0.8926506814917502,22.737013599370115,20.438203449632788,24.27437898524523,11.243300606329381,9.077952347531598,11.521598471813748
test_p148,D:\VScode\Graduation project\EUVP Dataset\test_samples\Inp\test_p148_.jpg,D:\VScode\Graduation project\Unpaired_Baselines\results\euvp_fastcut_full\test_200\images\fake_B\test_p148_.png,D:\VScode\Graduation project\EUVP Dataset\test_samples\GTr\test_p148_.jpg,21.937557164309677,0.6998042162481912,26.10662171933451,29.719128692416703,31.67312449123258,4.241722777341103,4.661175593351565,4.82490868632283
test_p149,D:\VScode\Graduation project\EUVP Dataset\test_samples\Inp\test_p149_.jpg,D:\VScode\Graduation project\Unpaired_Baselines\results\euvp_fastcut_full\test_200\images\fake_B\test_p149_.png,D:\VScode\Graduation project\EUVP Dataset\test_samples\GTr\test_p149_.jpg,22.028325820393743,0.7162088024752671,21.741401504657812,22.15862228206768,23.305385354924443,3.7057277454027417,4.494673553816299,4.256512303390124
test_p14,D:\VScode\Graduation project\EUVP Dataset\test_samples\Inp\test_p14_.jpg,D:\VScode\Graduation project\Unpaired_Baselines\results\euvp_fastcut_full\test_200\images\fake_B\test_p14_.png,D:\VScode\Graduation project\EUVP Dataset\test_samples\GTr\test_p14_.jpg,24.194325053011354,0.7774526378807067,23.14067719876049,25.80467995702438,26.297417703051195,7.4669292871637305,7.135693658020837,7.325952487888577
test_p150,D:\VScode\Graduation project\EUVP Dataset\test_samples\Inp\test_p150_.jpg,D:\VScode\Graduation project\Unpaired_Baselines\results\euvp_fastcut_full\test_200\images\fake_B\test_p150_.png,D:\VScode\Graduation project\EUVP Dataset\test_samples\GTr\test_p150_.jpg,24.05087426566032,0.7714795791468528,24.39633720595344,26.461497774307283,26.033967692492077,4.4315913555755095,4.469119629633855,4.300228153562008
test_p153,D:\VScode\Graduation project\EUVP Dataset\test_samples\Inp\test_p153_.jpg,D:\VScode\Graduation project\Unpaired_Baselines\results\euvp_fastcut_full\test_200\images\fake_B\test_p153_.png,D:\VScode\Graduation project\EUVP Dataset\test_samples\GTr\test_p153_.jpg,20.935479471007532,0.7275311529602883,17.214963698528443,24.358614686408096,19.642680961677907,7.827081580923106,7.564704548684079,8.48207214762046
test_p154,D:\VScode\Graduation project\EUVP Dataset\test_samples\Inp\test_p154_.jpg,D:\VScode\Graduation project\Unpaired_Baselines\results\euvp_fastcut_full\test_200\images\fake_B\test_p154_.png,D:\VScode\Graduation project\EUVP Dataset\test_samples\GTr\test_p154_.jpg,22.530024097489004,0.7954484043370823,31.15734414598059,27.46971042532308,30.56843907748775,5.771104799282434,6.026490877206647,5.756755033726633
test_p156,D:\VScode\Graduation project\EUVP Dataset\test_samples\Inp\test_p156_.jpg,D:\VScode\Graduation project\Unpaired_Baselines\results\euvp_fastcut_full\test_200\images\fake_B\test_p156_.png,D:\VScode\Graduation project\EUVP Dataset\test_samples\GTr\test_p156_.jpg,21.708147054812173,0.7758621902690098,22.71047741675399,29.05417093677256,23.18508401256004,8.597304917171003,7.6448378479688675,8.489676717084839
test_p157,D:\VScode\Graduation project\EUVP Dataset\test_samples\Inp\test_p157_.jpg,D:\VScode\Graduation project\Unpaired_Baselines\results\euvp_fastcut_full\test_200\images\fake_B\test_p157_.png,D:\VScode\Graduation project\EUVP Dataset\test_samples\GTr\test_p157_.jpg,21.970282662196784,0.6899501992524287,24.96046963639223,26.701354053494644,26.843499893403056,3.3619665388536855,3.760673967905581,3.8920613058998885
test_p158,D:\VScode\Graduation project\EUVP Dataset\test_samples\Inp\test_p158_.jpg,D:\VScode\Graduation project\Unpaired_Baselines\results\euvp_fastcut_full\test_200\images\fake_B\test_p158_.png,D:\VScode\Graduation project\EUVP Dataset\test_samples\GTr\test_p158_.jpg,16.89645528494637,0.747455793300089,26.707366736249664,23.909523143497438,27.454349897381313,3.9056252073692805,3.833656501791199,3.733518177233223
test_p159,D:\VScode\Graduation project\EUVP Dataset\test_samples\Inp\test_p159_.jpg,D:\VScode\Graduation project\Unpaired_Baselines\results\euvp_fastcut_full\test_200\images\fake_B\test_p159_.png,D:\VScode\Graduation project\EUVP Dataset\test_samples\GTr\test_p159_.jpg,25.81657689526987,0.7132723553880712,29.861541380271035,26.826239903658944,27.836690846261774,6.84936464417688,6.774862405365286,5.826852942360351
test_p15,D:\VScode\Graduation project\EUVP Dataset\test_samples\Inp\test_p15_.jpg,D:\VScode\Graduation project\Unpaired_Baselines\results\euvp_fastcut_full\test_200\images\fake_B\test_p15_.png,D:\VScode\Graduation project\EUVP Dataset\test_samples\GTr\test_p15_.jpg,22.18569190532171,0.7929887391097736,26.629225517356907,27.379904702679593,25.801923106729568,6.4285291867962995,5.639803912838614,7.472440451861913
test_p161,D:\VScode\Graduation project\EUVP Dataset\test_samples\Inp\test_p161_.jpg,D:\VScode\Graduation project\Unpaired_Baselines\results\euvp_fastcut_full\test_200\images\fake_B\test_p161_.png,D:\VScode\Graduation project\EUVP Dataset\test_samples\GTr\test_p161_.jpg,25.416698761345312,0.6286319624444477,22.807997771677012,26.391115325235393,22.2302375429552,9.215953309003053,9.806540140952213,8.805786066695738
test_p162,D:\VScode\Graduation project\EUVP Dataset\test_samples\Inp\test_p162_.jpg,D:\VScode\Graduation project\Unpaired_Baselines\results\euvp_fastcut_full\test_200\images\fake_B\test_p162_.png,D:\VScode\Graduation project\EUVP Dataset\test_samples\GTr\test_p162_.jpg,20.078892824807188,0.7070815829614592,27.838003030302048,29.41655118596991,32.349282778779596,7.036714494567569,7.54958489222457,5.44816323519862
test_p164,D:\VScode\Graduation project\EUVP Dataset\test_samples\Inp\test_p164_.jpg,D:\VScode\Graduation project\Unpaired_Baselines\results\euvp_fastcut_full\test_200\images\fake_B\test_p164_.png,D:\VScode\Graduation project\EUVP Dataset\test_samples\GTr\test_p164_.jpg,24.07921156912439,0.8102984562079621,23.811678959057996,26.732149372129943,25.819095125763972,4.072855109272144,4.222093417231301,4.259489328974542
test_p165,D:\VScode\Graduation project\EUVP Dataset\test_samples\Inp\test_p165_.jpg,D:\VScode\Graduation project\Unpaired_Baselines\results\euvp_fastcut_full\test_200\images\fake_B\test_p165_.png,D:\VScode\Graduation project\EUVP Dataset\test_samples\GTr\test_p165_.jpg,27.3530034726824,0.8844833073481428,22.103626678859158,23.8336050785848,22.20087145818036,4.471498568854238,4.513784420157795,5.271934087306583
test_p166,D:\VScode\Graduation project\EUVP Dataset\test_samples\Inp\test_p166_.jpg,D:\VScode\Graduation project\Unpaired_Baselines\results\euvp_fastcut_full\test_200\images\fake_B\test_p166_.png,D:\VScode\Graduation project\EUVP Dataset\test_samples\GTr\test_p166_.jpg,25.386429009924704,0.7904704169619855,27.168610414817227,29.512443296687675,29.68800382382143,3.905230811804826,4.481843170689572,4.3607495897006725
test_p167,D:\VScode\Graduation project\EUVP Dataset\test_samples\Inp\test_p167_.jpg,D:\VScode\Graduation project\Unpaired_Baselines\results\euvp_fastcut_full\test_200\images\fake_B\test_p167_.png,D:\VScode\Graduation project\EUVP Dataset\test_samples\GTr\test_p167_.jpg,24.64427140775472,0.8073052952991038,22.815783996021967,24.931285936064302,23.836532927994547,6.558860972621719,6.046772640815124,5.926185855915885
test_p168,D:\VScode\Graduation project\EUVP Dataset\test_samples\Inp\test_p168_.jpg,D:\VScode\Graduation project\Unpaired_Baselines\results\euvp_fastcut_full\test_200\images\fake_B\test_p168_.png,D:\VScode\Graduation project\EUVP Dataset\test_samples\GTr\test_p168_.jpg,21.609056563016797,0.8249116529719102,15.993368847328062,21.67597109192906,18.728624688116035,6.096676285723855,5.045399958105486,5.800897130920261
test_p169,D:\VScode\Graduation project\EUVP Dataset\test_samples\Inp\test_p169_.jpg,D:\VScode\Graduation project\Unpaired_Baselines\results\euvp_fastcut_full\test_200\images\fake_B\test_p169_.png,D:\VScode\Graduation project\EUVP Dataset\test_samples\GTr\test_p169_.jpg,17.825907414497465,0.5964919130347742,33.464928079221266,31.965644908097403,34.8222618026314,7.157805372164699,7.676698288462825,7.561210478656518
test_p16,D:\VScode\Graduation project\EUVP Dataset\test_samples\Inp\test_p16_.jpg,D:\VScode\Graduation project\Unpaired_Baselines\results\euvp_fastcut_full\test_200\images\fake_B\test_p16_.png,D:\VScode\Graduation project\EUVP Dataset\test_samples\GTr\test_p16_.jpg,13.416396736776704,0.5123992729719254,18.657498030755697,19.437763721666613,22.164617896796113,6.605821458177788,5.555756509860458,4.855525331306089
test_p171,D:\VScode\Graduation project\EUVP Dataset\test_samples\Inp\test_p171_.jpg,D:\VScode\Graduation project\Unpaired_Baselines\results\euvp_fastcut_full\test_200\images\fake_B\test_p171_.png,D:\VScode\Graduation project\EUVP Dataset\test_samples\GTr\test_p171_.jpg,24.106402182448075,0.7446748132217138,30.868245326269758,31.296516833695446,32.87367526942734,6.886695400619553,8.368081969371376,8.511037607560748
test_p172,D:\VScode\Graduation project\EUVP Dataset\test_samples\Inp\test_p172_.jpg,D:\VScode\Graduation project\Unpaired_Baselines\results\euvp_fastcut_full\test_200\images\fake_B\test_p172_.png,D:\VScode\Graduation project\EUVP Dataset\test_samples\GTr\test_p172_.jpg,19.994890844126,0.8153110631364955,25.6831512808111,26.40018297326344,30.74943671329386,5.069793787377083,4.958862832343943,5.024859391893636
test_p173,D:\VScode\Graduation project\EUVP Dataset\test_samples\Inp\test_p173_.jpg,D:\VScode\Graduation project\Unpaired_Baselines\results\euvp_fastcut_full\test_200\images\fake_B\test_p173_.png,D:\VScode\Graduation project\EUVP Dataset\test_samples\GTr\test_p173_.jpg,22.395138249761164,0.7869607622895637,26.765343730284517,29.73109823417661,29.158041828036,4.116706020160887,4.548206613868016,4.307508861238925
test_p174,D:\VScode\Graduation project\EUVP Dataset\test_samples\Inp\test_p174_.jpg,D:\VScode\Graduation project\Unpaired_Baselines\results\euvp_fastcut_full\test_200\images\fake_B\test_p174_.png,D:\VScode\Graduation project\EUVP Dataset\test_samples\GTr\test_p174_.jpg,21.52803533805041,0.8243951152816843,22.03727690959336,24.76947731322783,23.522075488375393,4.689752199062733,4.554342545567991,4.964005224099798
test_p175,D:\VScode\Graduation project\EUVP Dataset\test_samples\Inp\test_p175_.jpg,D:\VScode\Graduation project\Unpaired_Baselines\results\euvp_fastcut_full\test_200\images\fake_B\test_p175_.png,D:\VScode\Graduation project\EUVP Dataset\test_samples\GTr\test_p175_.jpg,24.451855947988275,0.8168535513650576,24.7761306086447,28.36313605382003,25.600443726576025,4.158281866324793,4.409549050468087,4.643721420427225
test_p176,D:\VScode\Graduation project\EUVP Dataset\test_samples\Inp\test_p176_.jpg,D:\VScode\Graduation project\Unpaired_Baselines\results\euvp_fastcut_full\test_200\images\fake_B\test_p176_.png,D:\VScode\Graduation project\EUVP Dataset\test_samples\GTr\test_p176_.jpg,19.345922178814664,0.6768692633480881,27.469662945475616,27.77289615520132,23.980802146789014,8.555763374826984,7.812637537209696,7.705808465260904
test_p178,D:\VScode\Graduation project\EUVP Dataset\test_samples\Inp\test_p178_.jpg,D:\VScode\Graduation project\Unpaired_Baselines\results\euvp_fastcut_full\test_200\images\fake_B\test_p178_.png,D:\VScode\Graduation project\EUVP Dataset\test_samples\GTr\test_p178_.jpg,24.503012977837564,0.7434829046159669,27.473525833954017,28.701522230498174,28.788053971890484,5.496083409587211,5.097734255726345,5.853166057151409
test_p179,D:\VScode\Graduation project\EUVP Dataset\test_samples\Inp\test_p179_.jpg,D:\VScode\Graduation project\Unpaired_Baselines\results\euvp_fastcut_full\test_200\images\fake_B\test_p179_.png,D:\VScode\Graduation project\EUVP Dataset\test_samples\GTr\test_p179_.jpg,20.764603960905458,0.7936197736428433,21.284821988495523,27.955572098686858,23.77064623575264,4.8721842146397165,4.776132902748098,5.356977914784201
test_p17,D:\VScode\Graduation project\EUVP Dataset\test_samples\Inp\test_p17_.jpg,D:\VScode\Graduation project\Unpaired_Baselines\results\euvp_fastcut_full\test_200\images\fake_B\test_p17_.png,D:\VScode\Graduation project\EUVP Dataset\test_samples\GTr\test_p17_.jpg,24.405202360228877,0.852673920702595,29.14802488002309,30.676177270710674,29.744108897093717,4.5734797180433455,5.060194730738953,5.336031751558178
test_p180,D:\VScode\Graduation project\EUVP Dataset\test_samples\Inp\test_p180_.jpg,D:\VScode\Graduation project\Unpaired_Baselines\results\euvp_fastcut_full\test_200\images\fake_B\test_p180_.png,D:\VScode\Graduation project\EUVP Dataset\test_samples\GTr\test_p180_.jpg,22.68970348762157,0.7515595352572646,28.585088000082557,30.592431686594068,29.021631835129032,6.741214407887663,6.805294877569986,5.7974295696542
test_p181,D:\VScode\Graduation project\EUVP Dataset\test_samples\Inp\test_p181_.jpg,D:\VScode\Graduation project\Unpaired_Baselines\results\euvp_fastcut_full\test_200\images\fake_B\test_p181_.png,D:\VScode\Graduation project\EUVP Dataset\test_samples\GTr\test_p181_.jpg,23.500929619652595,0.7053710604634592,22.79643424335696,26.31059643674815,24.426718652818195,3.9269636899739773,4.921061610582182,4.406697352572187
test_p182,D:\VScode\Graduation project\EUVP Dataset\test_samples\Inp\test_p182_.jpg,D:\VScode\Graduation project\Unpaired_Baselines\results\euvp_fastcut_full\test_200\images\fake_B\test_p182_.png,D:\VScode\Graduation project\EUVP Dataset\test_samples\GTr\test_p182_.jpg,21.92049576163764,0.7460755011800003,27.197318068927867,24.363639164935005,26.461702278937974,3.871510418278051,4.2895289496459315,4.5467381352100915
test_p183,D:\VScode\Graduation project\EUVP Dataset\test_samples\Inp\test_p183_.jpg,D:\VScode\Graduation project\Unpaired_Baselines\results\euvp_fastcut_full\test_200\images\fake_B\test_p183_.png,D:\VScode\Graduation project\EUVP Dataset\test_samples\GTr\test_p183_.jpg,16.97149424583414,0.711096135987061,25.425553730995397,28.57216696844816,27.395109558641554,5.0778041763807735,5.28631826480288,5.279374429142216
test_p184,D:\VScode\Graduation project\EUVP Dataset\test_samples\Inp\test_p184_.jpg,D:\VScode\Graduation project\Unpaired_Baselines\results\euvp_fastcut_full\test_200\images\fake_B\test_p184_.png,D:\VScode\Graduation project\EUVP Dataset\test_samples\GTr\test_p184_.jpg,14.808834880554473,0.6404757569405788,26.275663371554355,31.384400207174014,28.570137998156756,11.532538269732719,10.72837029039504,12.795009581341333
test_p185,D:\VScode\Graduation project\EUVP Dataset\test_samples\Inp\test_p185_.jpg,D:\VScode\Graduation project\Unpaired_Baselines\results\euvp_fastcut_full\test_200\images\fake_B\test_p185_.png,D:\VScode\Graduation project\EUVP Dataset\test_samples\GTr\test_p185_.jpg,27.325142606195957,0.8841692654781599,25.373583098048282,25.7919636232815,23.268566223840203,5.746325679416787,5.345354940104574,7.084469509399044
test_p186,D:\VScode\Graduation project\EUVP Dataset\test_samples\Inp\test_p186_.jpg,D:\VScode\Graduation project\Unpaired_Baselines\results\euvp_fastcut_full\test_200\images\fake_B\test_p186_.png,D:\VScode\Graduation project\EUVP Dataset\test_samples\GTr\test_p186_.jpg,24.66629507754019,0.8268081061330621,39.263229440799975,38.166053163674036,39.04777185827868,5.7883900211814305,5.186223151871814,6.474366860265727
test_p187,D:\VScode\Graduation project\EUVP Dataset\test_samples\Inp\test_p187_.jpg,D:\VScode\Graduation project\Unpaired_Baselines\results\euvp_fastcut_full\test_200\images\fake_B\test_p187_.png,D:\VScode\Graduation project\EUVP Dataset\test_samples\GTr\test_p187_.jpg,22.997967281211444,0.7931819775499444,27.310494954110847,30.273128120068794,31.64024612982009,3.9775209708697807,4.33834941804835,4.29915923416974
test_p188,D:\VScode\Graduation project\EUVP Dataset\test_samples\Inp\test_p188_.jpg,D:\VScode\Graduation project\Unpaired_Baselines\results\euvp_fastcut_full\test_200\images\fake_B\test_p188_.png,D:\VScode\Graduation project\EUVP Dataset\test_samples\GTr\test_p188_.jpg,22.76245420580322,0.7735404948908139,28.740568043103885,30.61975169205678,30.38678786762324,6.790365925969605,6.537170664384409,6.214084758156908
test_p189,D:\VScode\Graduation project\EUVP Dataset\test_samples\Inp\test_p189_.jpg,D:\VScode\Graduation project\Unpaired_Baselines\results\euvp_fastcut_full\test_200\images\fake_B\test_p189_.png,D:\VScode\Graduation project\EUVP Dataset\test_samples\GTr\test_p189_.jpg,23.009989205032703,0.840032240919915,28.517822326348607,25.6411256319776,27.743668092037932,3.7837587242748314,3.9074387068519334,3.7107243807821866
test_p190,D:\VScode\Graduation project\EUVP Dataset\test_samples\Inp\test_p190_.jpg,D:\VScode\Graduation project\Unpaired_Baselines\results\euvp_fastcut_full\test_200\images\fake_B\test_p190_.png,D:\VScode\Graduation project\EUVP Dataset\test_samples\GTr\test_p190_.jpg,21.156349022224443,0.709655009071132,29.554784097561843,34.11203056943765,33.64804751022426,5.877624477084574,5.693785120626017,6.294915210235868
test_p191,D:\VScode\Graduation project\EUVP Dataset\test_samples\Inp\test_p191_.jpg,D:\VScode\Graduation project\Unpaired_Baselines\results\euvp_fastcut_full\test_200\images\fake_B\test_p191_.png,D:\VScode\Graduation project\EUVP Dataset\test_samples\GTr\test_p191_.jpg,23.565744998893024,0.737551916684359,22.122699613555195,26.503738040756936,22.25141413466204,3.686003757838835,3.7640854382477453,3.644263880530605
test_p192,D:\VScode\Graduation project\EUVP Dataset\test_samples\Inp\test_p192_.jpg,D:\VScode\Graduation project\Unpaired_Baselines\results\euvp_fastcut_full\test_200\images\fake_B\test_p192_.png,D:\VScode\Graduation project\EUVP Dataset\test_samples\GTr\test_p192_.jpg,17.9696112729386,0.7025381966806467,25.2650582433154,28.56792373185037,27.139577562893344,4.081128447006024,4.563853137439654,4.625551569288232
test_p193,D:\VScode\Graduation project\EUVP Dataset\test_samples\Inp\test_p193_.jpg,D:\VScode\Graduation project\Unpaired_Baselines\results\euvp_fastcut_full\test_200\images\fake_B\test_p193_.png,D:\VScode\Graduation project\EUVP Dataset\test_samples\GTr\test_p193_.jpg,22.867950808558053,0.7390835017734215,18.883370349676063,21.387859104733053,18.888120368647982,3.3520461738907312,3.9327801191609,3.937304842922239
test_p194,D:\VScode\Graduation project\EUVP Dataset\test_samples\Inp\test_p194_.jpg,D:\VScode\Graduation project\Unpaired_Baselines\results\euvp_fastcut_full\test_200\images\fake_B\test_p194_.png,D:\VScode\Graduation project\EUVP Dataset\test_samples\GTr\test_p194_.jpg,23.397745836199718,0.7724976225572977,26.906840072995394,28.744471194034176,32.88539522100401,7.210161798150759,7.492862901074871,7.9394617378268215
test_p195,D:\VScode\Graduation project\EUVP Dataset\test_samples\Inp\test_p195_.jpg,D:\VScode\Graduation project\Unpaired_Baselines\results\euvp_fastcut_full\test_200\images\fake_B\test_p195_.png,D:\VScode\Graduation project\EUVP Dataset\test_samples\GTr\test_p195_.jpg,24.645835510202172,0.7772792299400763,23.855592193593537,24.723004796347812,24.25417608825082,5.064246268464225,4.677417960055782,4.719709035160357
test_p196,D:\VScode\Graduation project\EUVP Dataset\test_samples\Inp\test_p196_.jpg,D:\VScode\Graduation project\Unpaired_Baselines\results\euvp_fastcut_full\test_200\images\fake_B\test_p196_.png,D:\VScode\Graduation project\EUVP Dataset\test_samples\GTr\test_p196_.jpg,20.613725628876125,0.754414740201398,27.054429900913043,32.16166581282045,28.97534685772843,3.7797216656657486,4.412520688136226,3.9804759286750917
test_p197,D:\VScode\Graduation project\EUVP Dataset\test_samples\Inp\test_p197_.jpg,D:\VScode\Graduation project\Unpaired_Baselines\results\euvp_fastcut_full\test_200\images\fake_B\test_p197_.png,D:\VScode\Graduation project\EUVP Dataset\test_samples\GTr\test_p197_.jpg,26.367343978418894,0.7960615666977485,27.059826845386098,25.89444757299795,23.686325967513266,3.783829825443198,4.139068836176289,4.119395226222883
test_p198,D:\VScode\Graduation project\EUVP Dataset\test_samples\Inp\test_p198_.jpg,D:\VScode\Graduation project\Unpaired_Baselines\results\euvp_fastcut_full\test_200\images\fake_B\test_p198_.png,D:\VScode\Graduation project\EUVP Dataset\test_samples\GTr\test_p198_.jpg,23.927999026240077,0.8351506661072458,34.2359107302342,36.29965240853358,37.12941341871795,8.900569376178474,8.143181641353912,9.292047865515096
test_p199,D:\VScode\Graduation project\EUVP Dataset\test_samples\Inp\test_p199_.jpg,D:\VScode\Graduation project\Unpaired_Baselines\results\euvp_fastcut_full\test_200\images\fake_B\test_p199_.png,D:\VScode\Graduation project\EUVP Dataset\test_samples\GTr\test_p199_.jpg,24.665693270094287,0.8831509114979953,25.601336264952632,30.158247896367005,27.577885535053625,4.785736122047339,4.640616462346953,5.045824628028723
test_p200,D:\VScode\Graduation project\EUVP Dataset\test_samples\Inp\test_p200_.jpg,D:\VScode\Graduation project\Unpaired_Baselines\results\euvp_fastcut_full\test_200\images\fake_B\test_p200_.png,D:\VScode\Graduation project\EUVP Dataset\test_samples\GTr\test_p200_.jpg,16.15872636416103,0.6808401160730998,21.478688235090164,27.78066263726688,23.412623085146897,3.5285514391558235,3.882698530802379,3.977615414184281
test_p203,D:\VScode\Graduation project\EUVP Dataset\test_samples\Inp\test_p203_.jpg,D:\VScode\Graduation project\Unpaired_Baselines\results\euvp_fastcut_full\test_200\images\fake_B\test_p203_.png,D:\VScode\Graduation project\EUVP Dataset\test_samples\GTr\test_p203_.jpg,22.441932793676138,0.8089821868278891,31.85510544416019,36.7755020106473,35.67944473803214,8.2783118980708,7.635134653932708,8.607558950364524
test_p205,D:\VScode\Graduation project\EUVP Dataset\test_samples\Inp\test_p205_.jpg,D:\VScode\Graduation project\Unpaired_Baselines\results\euvp_fastcut_full\test_200\images\fake_B\test_p205_.png,D:\VScode\Graduation project\EUVP Dataset\test_samples\GTr\test_p205_.jpg,25.655599252582494,0.8354215287537411,21.904937864606104,25.10788657971768,24.526121730950827,4.943856424687887,4.708927373194287,4.9794715381006345
test_p206,D:\VScode\Graduation project\EUVP Dataset\test_samples\Inp\test_p206_.jpg,D:\VScode\Graduation project\Unpaired_Baselines\results\euvp_fastcut_full\test_200\images\fake_B\test_p206_.png,D:\VScode\Graduation project\EUVP Dataset\test_samples\GTr\test_p206_.jpg,21.699355886495386,0.7915272315462701,23.51935247315309,24.97098624831549,21.959274991204577,4.847118747247872,5.142871319619325,5.621764034620872
test_p208,D:\VScode\Graduation project\EUVP Dataset\test_samples\Inp\test_p208_.jpg,D:\VScode\Graduation project\Unpaired_Baselines\results\euvp_fastcut_full\test_200\images\fake_B\test_p208_.png,D:\VScode\Graduation project\EUVP Dataset\test_samples\GTr\test_p208_.jpg,23.631546295412843,0.7654963043234622,30.579802777145137,33.340841019198315,33.25792071956328,7.63673139199192,7.267279960985757,6.883532712724513
test_p209,D:\VScode\Graduation project\EUVP Dataset\test_samples\Inp\test_p209_.jpg,D:\VScode\Graduation project\Unpaired_Baselines\results\euvp_fastcut_full\test_200\images\fake_B\test_p209_.png,D:\VScode\Graduation project\EUVP Dataset\test_samples\GTr\test_p209_.jpg,26.083244220056763,0.7948260443354255,25.998735622471674,25.710678636448673,23.692379345218864,7.475457221627278,6.904723110747069,8.914601945515841
test_p20,D:\VScode\Graduation project\EUVP Dataset\test_samples\Inp\test_p20_.jpg,D:\VScode\Graduation project\Unpaired_Baselines\results\euvp_fastcut_full\test_200\images\fake_B\test_p20_.png,D:\VScode\Graduation project\EUVP Dataset\test_samples\GTr\test_p20_.jpg,24.0457336036191,0.751573135032687,26.352735854156528,30.047240800789424,25.947398192302032,7.037015547657596,7.422290772776186,6.7270157331195835
test_p211,D:\VScode\Graduation project\EUVP Dataset\test_samples\Inp\test_p211_.jpg,D:\VScode\Graduation project\Unpaired_Baselines\results\euvp_fastcut_full\test_200\images\fake_B\test_p211_.png,D:\VScode\Graduation project\EUVP Dataset\test_samples\GTr\test_p211_.jpg,15.360311597566014,0.6827436243789123,15.210882495341753,21.670071870307307,13.50360989002562,9.74620818637968,6.921908512843102,11.07292812287213
test_p212,D:\VScode\Graduation project\EUVP Dataset\test_samples\Inp\test_p212_.jpg,D:\VScode\Graduation project\Unpaired_Baselines\results\euvp_fastcut_full\test_200\images\fake_B\test_p212_.png,D:\VScode\Graduation project\EUVP Dataset\test_samples\GTr\test_p212_.jpg,21.159881312840216,0.654898700041931,20.303568220779937,20.276803065898036,23.192475074698134,3.1251025878841796,3.5332355102988617,3.3147552004350747
test_p213,D:\VScode\Graduation project\EUVP Dataset\test_samples\Inp\test_p213_.jpg,D:\VScode\Graduation project\Unpaired_Baselines\results\euvp_fastcut_full\test_200\images\fake_B\test_p213_.png,D:\VScode\Graduation project\EUVP Dataset\test_samples\GTr\test_p213_.jpg,23.176607367200308,0.8101524807757245,26.946366395289832,29.1817092281399,26.215121834949333,4.516359769423126,4.501776669113424,5.0062503433507315
test_p214,D:\VScode\Graduation project\EUVP Dataset\test_samples\Inp\test_p214_.jpg,D:\VScode\Graduation project\Unpaired_Baselines\results\euvp_fastcut_full\test_200\images\fake_B\test_p214_.png,D:\VScode\Graduation project\EUVP Dataset\test_samples\GTr\test_p214_.jpg,23.707830148562067,0.7839336943954122,22.938065883801197,22.238817103973613,22.42254699843795,5.762970585465975,5.66479709826871,5.484655665504226
test_p215,D:\VScode\Graduation project\EUVP Dataset\test_samples\Inp\test_p215_.jpg,D:\VScode\Graduation project\Unpaired_Baselines\results\euvp_fastcut_full\test_200\images\fake_B\test_p215_.png,D:\VScode\Graduation project\EUVP Dataset\test_samples\GTr\test_p215_.jpg,23.52028577210671,0.7965771597037229,27.449445176241397,27.60438955619983,28.116622019789247,3.969629234339461,4.425164473598465,3.997763202269451
test_p216,D:\VScode\Graduation project\EUVP Dataset\test_samples\Inp\test_p216_.jpg,D:\VScode\Graduation project\Unpaired_Baselines\results\euvp_fastcut_full\test_200\images\fake_B\test_p216_.png,D:\VScode\Graduation project\EUVP Dataset\test_samples\GTr\test_p216_.jpg,19.646798453319235,0.7330199863113992,24.190069625420122,29.645752102824133,30.434741463287832,3.830821487198166,4.357748956926215,4.475273038259816
test_p218,D:\VScode\Graduation project\EUVP Dataset\test_samples\Inp\test_p218_.jpg,D:\VScode\Graduation project\Unpaired_Baselines\results\euvp_fastcut_full\test_200\images\fake_B\test_p218_.png,D:\VScode\Graduation project\EUVP Dataset\test_samples\GTr\test_p218_.jpg,23.90389718080654,0.7133700676143255,25.808355209202794,26.289825035996436,26.7399662507405,4.679466891225877,4.6486583871557405,4.730326429561953
test_p219,D:\VScode\Graduation project\EUVP Dataset\test_samples\Inp\test_p219_.jpg,D:\VScode\Graduation project\Unpaired_Baselines\results\euvp_fastcut_full\test_200\images\fake_B\test_p219_.png,D:\VScode\Graduation project\EUVP Dataset\test_samples\GTr\test_p219_.jpg,25.52800606126904,0.8012038723147082,29.438121448953503,34.687973829659626,34.53459072168741,7.065491979256427,6.542915087981576,7.751980330138663
test_p21,D:\VScode\Graduation project\EUVP Dataset\test_samples\Inp\test_p21_.jpg,D:\VScode\Graduation project\Unpaired_Baselines\results\euvp_fastcut_full\test_200\images\fake_B\test_p21_.png,D:\VScode\Graduation project\EUVP Dataset\test_samples\GTr\test_p21_.jpg,22.005104464887552,0.7673434863622881,21.920061946782273,22.67290544170183,24.355450153509352,3.3244754537506624,3.5648119628525765,3.7391237138269515
test_p221,D:\VScode\Graduation project\EUVP Dataset\test_samples\Inp\test_p221_.jpg,D:\VScode\Graduation project\Unpaired_Baselines\results\euvp_fastcut_full\test_200\images\fake_B\test_p221_.png,D:\VScode\Graduation project\EUVP Dataset\test_samples\GTr\test_p221_.jpg,23.14528160623853,0.8486558699244148,26.96969840161509,30.086058874955427,25.862438314777574,8.906234438272199,7.723142508138856,9.531435382812933
test_p222,D:\VScode\Graduation project\EUVP Dataset\test_samples\Inp\test_p222_.jpg,D:\VScode\Graduation project\Unpaired_Baselines\results\euvp_fastcut_full\test_200\images\fake_B\test_p222_.png,D:\VScode\Graduation project\EUVP Dataset\test_samples\GTr\test_p222_.jpg,21.113956033551105,0.8110502290740879,10.579377620235272,15.823509446236226,11.48124481292539,13.225634871361917,7.858291442707736,11.78139411404271
test_p223,D:\VScode\Graduation project\EUVP Dataset\test_samples\Inp\test_p223_.jpg,D:\VScode\Graduation project\Unpaired_Baselines\results\euvp_fastcut_full\test_200\images\fake_B\test_p223_.png,D:\VScode\Graduation project\EUVP Dataset\test_samples\GTr\test_p223_.jpg,23.319874463597458,0.8936539248887693,21.11682599915332,18.505558319031852,19.04536599300079,10.991225604339052,8.959073969132792,10.37009288297007
test_p224,D:\VScode\Graduation project\EUVP Dataset\test_samples\Inp\test_p224_.jpg,D:\VScode\Graduation project\Unpaired_Baselines\results\euvp_fastcut_full\test_200\images\fake_B\test_p224_.png,D:\VScode\Graduation project\EUVP Dataset\test_samples\GTr\test_p224_.jpg,22.514468102572312,0.8461539820128458,27.252532298321483,24.75772894005437,27.308769988990036,8.705600290967677,7.294544599133844,9.070693967435169
test_p225,D:\VScode\Graduation project\EUVP Dataset\test_samples\Inp\test_p225_.jpg,D:\VScode\Graduation project\Unpaired_Baselines\results\euvp_fastcut_full\test_200\images\fake_B\test_p225_.png,D:\VScode\Graduation project\EUVP Dataset\test_samples\GTr\test_p225_.jpg,23.433482841034092,0.7710577320085431,30.48458454342606,33.4640717161821,32.74367207759562,4.5854446038556365,5.231127442879541,5.132230642240398
test_p226,D:\VScode\Graduation project\EUVP Dataset\test_samples\Inp\test_p226_.jpg,D:\VScode\Graduation project\Unpaired_Baselines\results\euvp_fastcut_full\test_200\images\fake_B\test_p226_.png,D:\VScode\Graduation project\EUVP Dataset\test_samples\GTr\test_p226_.jpg,27.10032492480608,0.8346934507531006,26.500536557982993,23.295355228583286,22.708147713969826,4.6675758312087705,4.684388071492159,5.2359863250008285
test_p227,D:\VScode\Graduation project\EUVP Dataset\test_samples\Inp\test_p227_.jpg,D:\VScode\Graduation project\Unpaired_Baselines\results\euvp_fastcut_full\test_200\images\fake_B\test_p227_.png,D:\VScode\Graduation project\EUVP Dataset\test_samples\GTr\test_p227_.jpg,23.343735434561186,0.7884204837355765,22.761720418978197,28.171237213277013,27.271704856348112,5.010345534200413,4.804571039024708,5.257190763382372
test_p228,D:\VScode\Graduation project\EUVP Dataset\test_samples\Inp\test_p228_.jpg,D:\VScode\Graduation project\Unpaired_Baselines\results\euvp_fastcut_full\test_200\images\fake_B\test_p228_.png,D:\VScode\Graduation project\EUVP Dataset\test_samples\GTr\test_p228_.jpg,23.641383147907014,0.7412504532027242,27.85277042387948,31.197371746172927,29.937540726108292,7.45179661257695,6.703167815432979,7.536088665088294
test_p229,D:\VScode\Graduation project\EUVP Dataset\test_samples\Inp\test_p229_.jpg,D:\VScode\Graduation project\Unpaired_Baselines\results\euvp_fastcut_full\test_200\images\fake_B\test_p229_.png,D:\VScode\Graduation project\EUVP Dataset\test_samples\GTr\test_p229_.jpg,24.355286963185524,0.7134954806912016,20.80985553814717,23.657106390746847,23.419498861212503,6.940174185281583,6.5549917964191495,6.301591148013909
test_p22,D:\VScode\Graduation project\EUVP Dataset\test_samples\Inp\test_p22_.jpg,D:\VScode\Graduation project\Unpaired_Baselines\results\euvp_fastcut_full\test_200\images\fake_B\test_p22_.png,D:\VScode\Graduation project\EUVP Dataset\test_samples\GTr\test_p22_.jpg,21.30140813038544,0.6776686112116007,23.729038737750553,25.605689164260937,26.667085438705005,3.765292021630377,4.077401550049385,4.35245658050039
test_p230,D:\VScode\Graduation project\EUVP Dataset\test_samples\Inp\test_p230_.jpg,D:\VScode\Graduation project\Unpaired_Baselines\results\euvp_fastcut_full\test_200\images\fake_B\test_p230_.png,D:\VScode\Graduation project\EUVP Dataset\test_samples\GTr\test_p230_.jpg,22.317936182758213,0.6758447132852895,29.190904206367954,34.47026908059595,33.62084714924038,7.525186821373084,6.64583927517161,7.214547691444997
test_p232,D:\VScode\Graduation project\EUVP Dataset\test_samples\Inp\test_p232_.jpg,D:\VScode\Graduation project\Unpaired_Baselines\results\euvp_fastcut_full\test_200\images\fake_B\test_p232_.png,D:\VScode\Graduation project\EUVP Dataset\test_samples\GTr\test_p232_.jpg,19.76368486014267,0.7466915497354562,36.78863458602265,33.20602911645292,40.69311004606609,10.156860068880299,9.253501926804114,10.006216737770389
test_p233,D:\VScode\Graduation project\EUVP Dataset\test_samples\Inp\test_p233_.jpg,D:\VScode\Graduation project\Unpaired_Baselines\results\euvp_fastcut_full\test_200\images\fake_B\test_p233_.png,D:\VScode\Graduation project\EUVP Dataset\test_samples\GTr\test_p233_.jpg,22.369746573086143,0.7907806107291351,31.229275100216324,27.326555224230695,30.58526797343494,5.673374623832786,6.029735334868704,5.840088249593442
test_p234,D:\VScode\Graduation project\EUVP Dataset\test_samples\Inp\test_p234_.jpg,D:\VScode\Graduation project\Unpaired_Baselines\results\euvp_fastcut_full\test_200\images\fake_B\test_p234_.png,D:\VScode\Graduation project\EUVP Dataset\test_samples\GTr\test_p234_.jpg,19.84551456946105,0.6007599613437452,24.107353395699157,27.375513009966376,28.41480508986856,4.809223208586585,5.004682025834354,4.284482204935491
test_p235,D:\VScode\Graduation project\EUVP Dataset\test_samples\Inp\test_p235_.jpg,D:\VScode\Graduation project\Unpaired_Baselines\results\euvp_fastcut_full\test_200\images\fake_B\test_p235_.png,D:\VScode\Graduation project\EUVP Dataset\test_samples\GTr\test_p235_.jpg,21.824816967724438,0.7232953370454261,27.69668876711099,30.222012951485627,29.42509709756677,5.796914458513557,5.770912096614884,6.495100360567285
test_p236,D:\VScode\Graduation project\EUVP Dataset\test_samples\Inp\test_p236_.jpg,D:\VScode\Graduation project\Unpaired_Baselines\results\euvp_fastcut_full\test_200\images\fake_B\test_p236_.png,D:\VScode\Graduation project\EUVP Dataset\test_samples\GTr\test_p236_.jpg,22.430387051679514,0.8654869402816173,22.514844108164567,24.557943956471274,23.11000381085028,5.159658922611902,4.827791233992724,5.189915495713303
test_p238,D:\VScode\Graduation project\EUVP Dataset\test_samples\Inp\test_p238_.jpg,D:\VScode\Graduation project\Unpaired_Baselines\results\euvp_fastcut_full\test_200\images\fake_B\test_p238_.png,D:\VScode\Graduation project\EUVP Dataset\test_samples\GTr\test_p238_.jpg,22.820769891446965,0.7509786176890314,24.77911426936861,27.775882288660483,28.264005237048643,4.057476624044924,4.434547248435677,4.441696967170595
test_p239,D:\VScode\Graduation project\EUVP Dataset\test_samples\Inp\test_p239_.jpg,D:\VScode\Graduation project\Unpaired_Baselines\results\euvp_fastcut_full\test_200\images\fake_B\test_p239_.png,D:\VScode\Graduation project\EUVP Dataset\test_samples\GTr\test_p239_.jpg,25.324493450682425,0.8373329714044608,25.445479264886725,25.729815333439518,23.353482105711368,4.452621326539472,5.009802918334044,5.247277785409484
test_p23,D:\VScode\Graduation project\EUVP Dataset\test_samples\Inp\test_p23_.jpg,D:\VScode\Graduation project\Unpaired_Baselines\results\euvp_fastcut_full\test_200\images\fake_B\test_p23_.png,D:\VScode\Graduation project\EUVP Dataset\test_samples\GTr\test_p23_.jpg,14.560244906487485,0.6712214033756839,26.158489075630232,27.89585763804544,32.10700209096315,5.801981996783828,5.663160607295027,5.456425947354059
test_p240,D:\VScode\Graduation project\EUVP Dataset\test_samples\Inp\test_p240_.jpg,D:\VScode\Graduation project\Unpaired_Baselines\results\euvp_fastcut_full\test_200\images\fake_B\test_p240_.png,D:\VScode\Graduation project\EUVP Dataset\test_samples\GTr\test_p240_.jpg,21.35587939871655,0.7722853325814559,29.630626825437705,30.85146168818508,30.298742565237124,4.60378516072085,4.792194657897275,4.792690079084288
test_p241,D:\VScode\Graduation project\EUVP Dataset\test_samples\Inp\test_p241_.jpg,D:\VScode\Graduation project\Unpaired_Baselines\results\euvp_fastcut_full\test_200\images\fake_B\test_p241_.png,D:\VScode\Graduation project\EUVP Dataset\test_samples\GTr\test_p241_.jpg,16.715497893950523,0.6937774664904269,21.765069441097662,22.758637785453423,24.004554336387542,3.8981641183873856,4.252644744002236,3.7473333193985727
test_p242,D:\VScode\Graduation project\EUVP Dataset\test_samples\Inp\test_p242_.jpg,D:\VScode\Graduation project\Unpaired_Baselines\results\euvp_fastcut_full\test_200\images\fake_B\test_p242_.png,D:\VScode\Graduation project\EUVP Dataset\test_samples\GTr\test_p242_.jpg,22.65606237341869,0.7966980547539593,26.667063582483536,27.494793978900827,27.014070191872182,6.510759626966781,5.669800678444307,6.725242772869811
test_p243,D:\VScode\Graduation project\EUVP Dataset\test_samples\Inp\test_p243_.jpg,D:\VScode\Graduation project\Unpaired_Baselines\results\euvp_fastcut_full\test_200\images\fake_B\test_p243_.png,D:\VScode\Graduation project\EUVP Dataset\test_samples\GTr\test_p243_.jpg,24.915667736283027,0.8082759557178344,27.87470051607125,31.096022969752106,31.01239263430411,8.113329177734004,7.110226683285585,8.425364804689725
test_p244,D:\VScode\Graduation project\EUVP Dataset\test_samples\Inp\test_p244_.jpg,D:\VScode\Graduation project\Unpaired_Baselines\results\euvp_fastcut_full\test_200\images\fake_B\test_p244_.png,D:\VScode\Graduation project\EUVP Dataset\test_samples\GTr\test_p244_.jpg,23.301446989695684,0.7846166084583802,23.807723920982728,25.643616592135075,27.647282162498726,6.193935059422497,6.413150834365757,6.828768388025653
test_p245,D:\VScode\Graduation project\EUVP Dataset\test_samples\Inp\test_p245_.jpg,D:\VScode\Graduation project\Unpaired_Baselines\results\euvp_fastcut_full\test_200\images\fake_B\test_p245_.png,D:\VScode\Graduation project\EUVP Dataset\test_samples\GTr\test_p245_.jpg,23.265939883597074,0.8680076840150317,28.754130195293158,26.810180567745547,28.048267312228685,6.755086407380594,6.440260490014673,7.365209642168364
test_p246,D:\VScode\Graduation project\EUVP Dataset\test_samples\Inp\test_p246_.jpg,D:\VScode\Graduation project\Unpaired_Baselines\results\euvp_fastcut_full\test_200\images\fake_B\test_p246_.png,D:\VScode\Graduation project\EUVP Dataset\test_samples\GTr\test_p246_.jpg,23.737749703443928,0.7692285600267988,17.59190008252063,19.847098945773634,21.365254667022555,4.658689115925283,4.623919594557568,4.8586474876407895
test_p247,D:\VScode\Graduation project\EUVP Dataset\test_samples\Inp\test_p247_.jpg,D:\VScode\Graduation project\Unpaired_Baselines\results\euvp_fastcut_full\test_200\images\fake_B\test_p247_.png,D:\VScode\Graduation project\EUVP Dataset\test_samples\GTr\test_p247_.jpg,22.302362514809623,0.8844511954598396,21.993012793918506,20.350665244366667,21.778445992136497,7.99199278307803,7.370000755988874,7.873807378133833
test_p248,D:\VScode\Graduation project\EUVP Dataset\test_samples\Inp\test_p248_.jpg,D:\VScode\Graduation project\Unpaired_Baselines\results\euvp_fastcut_full\test_200\images\fake_B\test_p248_.png,D:\VScode\Graduation project\EUVP Dataset\test_samples\GTr\test_p248_.jpg,24.609991220070558,0.7477230654864853,24.036164717295048,24.48389853024036,24.56452001914797,4.9814682859627855,4.943412695445488,5.388743750658403
test_p249,D:\VScode\Graduation project\EUVP Dataset\test_samples\Inp\test_p249_.jpg,D:\VScode\Graduation project\Unpaired_Baselines\results\euvp_fastcut_full\test_200\images\fake_B\test_p249_.png,D:\VScode\Graduation project\EUVP Dataset\test_samples\GTr\test_p249_.jpg,21.98725949253332,0.7310705850380081,27.111512871182217,28.412073307511374,27.34992834705348,4.406094492274971,4.924167460769736,5.085408561482657
test_p24,D:\VScode\Graduation project\EUVP Dataset\test_samples\Inp\test_p24_.jpg,D:\VScode\Graduation project\Unpaired_Baselines\results\euvp_fastcut_full\test_200\images\fake_B\test_p24_.png,D:\VScode\Graduation project\EUVP Dataset\test_samples\GTr\test_p24_.jpg,23.43986218590338,0.7216944867595828,21.703424620819934,23.465463030638972,24.20545226601897,3.5474582619265203,3.9458076633103842,3.919960928391058
test_p250,D:\VScode\Graduation project\EUVP Dataset\test_samples\Inp\test_p250_.jpg,D:\VScode\Graduation project\Unpaired_Baselines\results\euvp_fastcut_full\test_200\images\fake_B\test_p250_.png,D:\VScode\Graduation project\EUVP Dataset\test_samples\GTr\test_p250_.jpg,22.327082376173024,0.7955989575308955,30.96164003792801,27.562045980670273,30.323573347685244,5.585095170317604,5.827248256324564,5.43959094992632
test_p251,D:\VScode\Graduation project\EUVP Dataset\test_samples\Inp\test_p251_.jpg,D:\VScode\Graduation project\Unpaired_Baselines\results\euvp_fastcut_full\test_200\images\fake_B\test_p251_.png,D:\VScode\Graduation project\EUVP Dataset\test_samples\GTr\test_p251_.jpg,23.06465012660942,0.7064904887156637,31.920332611336967,31.49759202648419,32.95608923498651,6.125081002833438,6.8967286225260835,6.756943786437059
test_p253,D:\VScode\Graduation project\EUVP Dataset\test_samples\Inp\test_p253_.jpg,D:\VScode\Graduation project\Unpaired_Baselines\results\euvp_fastcut_full\test_200\images\fake_B\test_p253_.png,D:\VScode\Graduation project\EUVP Dataset\test_samples\GTr\test_p253_.jpg,14.233203519022194,0.5741194983989096,27.310326748496685,28.541320374206165,30.57365078953085,5.9889168979077905,5.418031707420387,4.438449053670976
test_p254,D:\VScode\Graduation project\EUVP Dataset\test_samples\Inp\test_p254_.jpg,D:\VScode\Graduation project\Unpaired_Baselines\results\euvp_fastcut_full\test_200\images\fake_B\test_p254_.png,D:\VScode\Graduation project\EUVP Dataset\test_samples\GTr\test_p254_.jpg,28.823709708358397,0.8634278867401036,19.13765354324323,17.81813807388016,18.862200922040287,6.315414315015042,4.532099622501602,5.366919999210906
test_p255,D:\VScode\Graduation project\EUVP Dataset\test_samples\Inp\test_p255_.jpg,D:\VScode\Graduation project\Unpaired_Baselines\results\euvp_fastcut_full\test_200\images\fake_B\test_p255_.png,D:\VScode\Graduation project\EUVP Dataset\test_samples\GTr\test_p255_.jpg,17.765669282111737,0.7435402996875776,25.191345704780833,24.967601745784904,25.888134351672328,14.241261566877172,12.382533681176875,10.400157649573282
test_p256,D:\VScode\Graduation project\EUVP Dataset\test_samples\Inp\test_p256_.jpg,D:\VScode\Graduation project\Unpaired_Baselines\results\euvp_fastcut_full\test_200\images\fake_B\test_p256_.png,D:\VScode\Graduation project\EUVP Dataset\test_samples\GTr\test_p256_.jpg,20.699450525529134,0.6194660600701996,21.723612763287395,21.726778795654887,24.059082224909943,3.1199142118354226,3.574029661876904,3.5023367462071455
test_p258,D:\VScode\Graduation project\EUVP Dataset\test_samples\Inp\test_p258_.jpg,D:\VScode\Graduation project\Unpaired_Baselines\results\euvp_fastcut_full\test_200\images\fake_B\test_p258_.png,D:\VScode\Graduation project\EUVP Dataset\test_samples\GTr\test_p258_.jpg,14.937407987633202,0.7030456698372453,19.95241195147854,20.766714536132675,23.45413022947431,5.907067792793931,4.173479645656725,3.675852828734597
test_p25,D:\VScode\Graduation project\EUVP Dataset\test_samples\Inp\test_p25_.jpg,D:\VScode\Graduation project\Unpaired_Baselines\results\euvp_fastcut_full\test_200\images\fake_B\test_p25_.png,D:\VScode\Graduation project\EUVP Dataset\test_samples\GTr\test_p25_.jpg,21.28849495130861,0.7600641054146827,18.083796563615497,23.025376960281765,22.668876292954558,9.88550218498184,8.284902945837878,9.096007042811292
test_p260,D:\VScode\Graduation project\EUVP Dataset\test_samples\Inp\test_p260_.jpg,D:\VScode\Graduation project\Unpaired_Baselines\results\euvp_fastcut_full\test_200\images\fake_B\test_p260_.png,D:\VScode\Graduation project\EUVP Dataset\test_samples\GTr\test_p260_.jpg,20.620989307504463,0.8053280284798774,27.695494472331802,29.421615189630177,29.34807295313872,4.93133956454699,4.944480723807251,5.061919018996159
test_p261,D:\VScode\Graduation project\EUVP Dataset\test_samples\Inp\test_p261_.jpg,D:\VScode\Graduation project\Unpaired_Baselines\results\euvp_fastcut_full\test_200\images\fake_B\test_p261_.png,D:\VScode\Graduation project\EUVP Dataset\test_samples\GTr\test_p261_.jpg,24.554555246400685,0.8405070185287835,25.17907847817354,28.27355863978001,26.84381147600301,4.152767545683796,4.554345447337564,4.990786532232148
test_p262,D:\VScode\Graduation project\EUVP Dataset\test_samples\Inp\test_p262_.jpg,D:\VScode\Graduation project\Unpaired_Baselines\results\euvp_fastcut_full\test_200\images\fake_B\test_p262_.png,D:\VScode\Graduation project\EUVP Dataset\test_samples\GTr\test_p262_.jpg,22.344733536008338,0.8308091102154377,24.25673087363712,25.056578664034564,22.107558229174398,5.962026441421464,5.1705720303703115,6.9114911005898945
test_p263,D:\VScode\Graduation project\EUVP Dataset\test_samples\Inp\test_p263_.jpg,D:\VScode\Graduation project\Unpaired_Baselines\results\euvp_fastcut_full\test_200\images\fake_B\test_p263_.png,D:\VScode\Graduation project\EUVP Dataset\test_samples\GTr\test_p263_.jpg,23.197014274789368,0.6788994977620287,24.446231554891533,29.084217331730645,26.909913388124753,6.328701380170152,5.574217374608899,5.938960532114222
test_p265,D:\VScode\Graduation project\EUVP Dataset\test_samples\Inp\test_p265_.jpg,D:\VScode\Graduation project\Unpaired_Baselines\results\euvp_fastcut_full\test_200\images\fake_B\test_p265_.png,D:\VScode\Graduation project\EUVP Dataset\test_samples\GTr\test_p265_.jpg,24.04319614755028,0.8114400283230072,21.213096835873852,22.794172204787216,23.474150754121943,6.299135244011888,5.5302057491011025,5.749588040285099
test_p266,D:\VScode\Graduation project\EUVP Dataset\test_samples\Inp\test_p266_.jpg,D:\VScode\Graduation project\Unpaired_Baselines\results\euvp_fastcut_full\test_200\images\fake_B\test_p266_.png,D:\VScode\Graduation project\EUVP Dataset\test_samples\GTr\test_p266_.jpg,21.6659068911315,0.7515653631331706,18.95087837400264,21.417086007960396,23.20394361550526,9.677214080991286,8.713146106875199,8.223975570387852
test_p267,D:\VScode\Graduation project\EUVP Dataset\test_samples\Inp\test_p267_.jpg,D:\VScode\Graduation project\Unpaired_Baselines\results\euvp_fastcut_full\test_200\images\fake_B\test_p267_.png,D:\VScode\Graduation project\EUVP Dataset\test_samples\GTr\test_p267_.jpg,23.381089788043752,0.7362475401740843,22.44423187297707,27.371841346949108,27.105817021946965,7.3043717100738625,7.2865140267036,8.014537231794103
test_p269,D:\VScode\Graduation project\EUVP Dataset\test_samples\Inp\test_p269_.jpg,D:\VScode\Graduation project\Unpaired_Baselines\results\euvp_fastcut_full\test_200\images\fake_B\test_p269_.png,D:\VScode\Graduation project\EUVP Dataset\test_samples\GTr\test_p269_.jpg,26.82214499446182,0.8028952817212787,26.33203107609514,23.56596114749158,27.30220422430664,6.610262216824462,6.8752425712719365,7.592522287815577
test_p26,D:\VScode\Graduation project\EUVP Dataset\test_samples\Inp\test_p26_.jpg,D:\VScode\Graduation project\Unpaired_Baselines\results\euvp_fastcut_full\test_200\images\fake_B\test_p26_.png,D:\VScode\Graduation project\EUVP Dataset\test_samples\GTr\test_p26_.jpg,21.856556536646742,0.7999164447058402,24.511923196821755,24.361633641489718,25.448704298006746,5.2493609303479145,5.621936078479021,4.902096497748681
test_p270,D:\VScode\Graduation project\EUVP Dataset\test_samples\Inp\test_p270_.jpg,D:\VScode\Graduation project\Unpaired_Baselines\results\euvp_fastcut_full\test_200\images\fake_B\test_p270_.png,D:\VScode\Graduation project\EUVP Dataset\test_samples\GTr\test_p270_.jpg,23.381498268465144,0.8261762286104922,23.958548686209348,28.879463676069005,24.79815604448827,4.2589442464019935,4.397396200776073,4.594592818652032
test_p271,D:\VScode\Graduation project\EUVP Dataset\test_samples\Inp\test_p271_.jpg,D:\VScode\Graduation project\Unpaired_Baselines\results\euvp_fastcut_full\test_200\images\fake_B\test_p271_.png,D:\VScode\Graduation project\EUVP Dataset\test_samples\GTr\test_p271_.jpg,21.781966931915242,0.6966771010788714,33.525403754589206,36.14861572174194,35.81969951855133,4.730174929914384,4.85387742975808,5.449238130314921
test_p273,D:\VScode\Graduation project\EUVP Dataset\test_samples\Inp\test_p273_.jpg,D:\VScode\Graduation project\Unpaired_Baselines\results\euvp_fastcut_full\test_200\images\fake_B\test_p273_.png,D:\VScode\Graduation project\EUVP Dataset\test_samples\GTr\test_p273_.jpg,20.880812588297665,0.7303496521534524,24.10946978664914,27.28475059693502,27.177387653859604,6.284416820732331,6.277941778111981,6.74675743477474
test_p274,D:\VScode\Graduation project\EUVP Dataset\test_samples\Inp\test_p274_.jpg,D:\VScode\Graduation project\Unpaired_Baselines\results\euvp_fastcut_full\test_200\images\fake_B\test_p274_.png,D:\VScode\Graduation project\EUVP Dataset\test_samples\GTr\test_p274_.jpg,22.304368402547144,0.738820459433213,26.479207973510817,28.00751257746408,26.977985689421747,3.900493987690356,4.193287021672811,4.1409892299820115
test_p276,D:\VScode\Graduation project\EUVP Dataset\test_samples\Inp\test_p276_.jpg,D:\VScode\Graduation project\Unpaired_Baselines\results\euvp_fastcut_full\test_200\images\fake_B\test_p276_.png,D:\VScode\Graduation project\EUVP Dataset\test_samples\GTr\test_p276_.jpg,22.425929626505376,0.7310845373563951,21.583952053984746,19.996386989203355,21.615191966597447,11.439609472844316,10.369834661667948,11.396372995364633
test_p277,D:\VScode\Graduation project\EUVP Dataset\test_samples\Inp\test_p277_.jpg,D:\VScode\Graduation project\Unpaired_Baselines\results\euvp_fastcut_full\test_200\images\fake_B\test_p277_.png,D:\VScode\Graduation project\EUVP Dataset\test_samples\GTr\test_p277_.jpg,23.465466669764385,0.7666048274871401,27.79779218174928,30.360332689050768,28.86772409624297,4.492311593859737,4.852831585987036,4.948168206386031
test_p278,D:\VScode\Graduation project\EUVP Dataset\test_samples\Inp\test_p278_.jpg,D:\VScode\Graduation project\Unpaired_Baselines\results\euvp_fastcut_full\test_200\images\fake_B\test_p278_.png,D:\VScode\Graduation project\EUVP Dataset\test_samples\GTr\test_p278_.jpg,16.75516132635068,0.6757978993204489,20.183239195849414,22.971574890886263,23.73743411051408,3.4175321269158325,4.012030659092324,3.7135166279153893
test_p279,D:\VScode\Graduation project\EUVP Dataset\test_samples\Inp\test_p279_.jpg,D:\VScode\Graduation project\Unpaired_Baselines\results\euvp_fastcut_full\test_200\images\fake_B\test_p279_.png,D:\VScode\Graduation project\EUVP Dataset\test_samples\GTr\test_p279_.jpg,23.864321091692545,0.7630240096379878,25.30583984997595,28.98919220041619,29.153725101681847,4.807600967638368,5.129106534839545,5.1562493851436315
test_p27,D:\VScode\Graduation project\EUVP Dataset\test_samples\Inp\test_p27_.jpg,D:\VScode\Graduation project\Unpaired_Baselines\results\euvp_fastcut_full\test_200\images\fake_B\test_p27_.png,D:\VScode\Graduation project\EUVP Dataset\test_samples\GTr\test_p27_.jpg,22.016768884297026,0.7885654759721165,24.271050868895987,21.73971185040217,22.082042937845447,4.076894668904731,4.275772120426485,4.580994383488219
test_p280,D:\VScode\Graduation project\EUVP Dataset\test_samples\Inp\test_p280_.jpg,D:\VScode\Graduation project\Unpaired_Baselines\results\euvp_fastcut_full\test_200\images\fake_B\test_p280_.png,D:\VScode\Graduation project\EUVP Dataset\test_samples\GTr\test_p280_.jpg,20.256295149666627,0.8346185141613419,16.078253929101642,22.190351230754676,19.37561187173711,8.933356563738739,5.343027401965653,9.26595447318007
test_p281,D:\VScode\Graduation project\EUVP Dataset\test_samples\Inp\test_p281_.jpg,D:\VScode\Graduation project\Unpaired_Baselines\results\euvp_fastcut_full\test_200\images\fake_B\test_p281_.png,D:\VScode\Graduation project\EUVP Dataset\test_samples\GTr\test_p281_.jpg,17.36145273270826,0.5952377793493905,31.846595421798817,35.30772377480117,29.42072955690807,4.52104076617704,5.097664485686016,4.489149876336818
test_p282,D:\VScode\Graduation project\EUVP Dataset\test_samples\Inp\test_p282_.jpg,D:\VScode\Graduation project\Unpaired_Baselines\results\euvp_fastcut_full\test_200\images\fake_B\test_p282_.png,D:\VScode\Graduation project\EUVP Dataset\test_samples\GTr\test_p282_.jpg,28.46212412133916,0.9012204170084237,19.898307298986,20.94700868890116,22.165304425232506,13.260973418205099,10.95605235111862,13.26906004243867
test_p284,D:\VScode\Graduation project\EUVP Dataset\test_samples\Inp\test_p284_.jpg,D:\VScode\Graduation project\Unpaired_Baselines\results\euvp_fastcut_full\test_200\images\fake_B\test_p284_.png,D:\VScode\Graduation project\EUVP Dataset\test_samples\GTr\test_p284_.jpg,22.25500176556316,0.7804582129112037,22.652935691737024,27.98782628344017,23.390497442091142,5.0637387406898915,4.875465179320651,4.582346957411496
test_p286,D:\VScode\Graduation project\EUVP Dataset\test_samples\Inp\test_p286_.jpg,D:\VScode\Graduation project\Unpaired_Baselines\results\euvp_fastcut_full\test_200\images\fake_B\test_p286_.png,D:\VScode\Graduation project\EUVP Dataset\test_samples\GTr\test_p286_.jpg,25.051292920975527,0.85121413166175,31.61815416521725,34.387622865268156,32.55092977046779,4.750157901679289,5.169495920252028,4.950683981902964
test_p288,D:\VScode\Graduation project\EUVP Dataset\test_samples\Inp\test_p288_.jpg,D:\VScode\Graduation project\Unpaired_Baselines\results\euvp_fastcut_full\test_200\images\fake_B\test_p288_.png,D:\VScode\Graduation project\EUVP Dataset\test_samples\GTr\test_p288_.jpg,24.92608098989041,0.7974529311903714,19.624038561022857,25.02260757666493,19.551950785671302,7.577039416420299,6.635583488349479,7.640139249860486
test_p289,D:\VScode\Graduation project\EUVP Dataset\test_samples\Inp\test_p289_.jpg,D:\VScode\Graduation project\Unpaired_Baselines\results\euvp_fastcut_full\test_200\images\fake_B\test_p289_.png,D:\VScode\Graduation project\EUVP Dataset\test_samples\GTr\test_p289_.jpg,20.70432796904967,0.735598327431091,25.280675095341117,31.063165958292604,32.32709976314059,6.933252514184029,6.611352545818594,7.014684616687812
test_p28,D:\VScode\Graduation project\EUVP Dataset\test_samples\Inp\test_p28_.jpg,D:\VScode\Graduation project\Unpaired_Baselines\results\euvp_fastcut_full\test_200\images\fake_B\test_p28_.png,D:\VScode\Graduation project\EUVP Dataset\test_samples\GTr\test_p28_.jpg,23.85522878298528,0.7660579695356047,26.789276188984424,28.923301631088176,28.49384702400816,4.892633846229269,4.732841175734232,5.2941517918576695
test_p290,D:\VScode\Graduation project\EUVP Dataset\test_samples\Inp\test_p290_.jpg,D:\VScode\Graduation project\Unpaired_Baselines\results\euvp_fastcut_full\test_200\images\fake_B\test_p290_.png,D:\VScode\Graduation project\EUVP Dataset\test_samples\GTr\test_p290_.jpg,25.50496875869047,0.8298029779233982,25.27002276668388,29.061147587665033,29.749714960462963,5.170941705663463,5.284836272871711,5.884961702491518
test_p291,D:\VScode\Graduation project\EUVP Dataset\test_samples\Inp\test_p291_.jpg,D:\VScode\Graduation project\Unpaired_Baselines\results\euvp_fastcut_full\test_200\images\fake_B\test_p291_.png,D:\VScode\Graduation project\EUVP Dataset\test_samples\GTr\test_p291_.jpg,25.634859445711555,0.8643176942445908,27.029042411531865,29.35247950245137,30.215207449359553,4.1944774431032315,4.838320344121181,4.767339827975732
test_p292,D:\VScode\Graduation project\EUVP Dataset\test_samples\Inp\test_p292_.jpg,D:\VScode\Graduation project\Unpaired_Baselines\results\euvp_fastcut_full\test_200\images\fake_B\test_p292_.png,D:\VScode\Graduation project\EUVP Dataset\test_samples\GTr\test_p292_.jpg,20.312184226940207,0.7324992904739013,29.02867380811242,31.126387864269702,29.01831665463759,6.42915638627186,5.763899833002409,5.668664383263594
test_p294,D:\VScode\Graduation project\EUVP Dataset\test_samples\Inp\test_p294_.jpg,D:\VScode\Graduation project\Unpaired_Baselines\results\euvp_fastcut_full\test_200\images\fake_B\test_p294_.png,D:\VScode\Graduation project\EUVP Dataset\test_samples\GTr\test_p294_.jpg,25.360621678881007,0.8267054723517561,25.423616969035308,24.28680334832486,26.47508328060935,5.947089548048241,6.185778179696182,6.349791703821545
test_p295,D:\VScode\Graduation project\EUVP Dataset\test_samples\Inp\test_p295_.jpg,D:\VScode\Graduation project\Unpaired_Baselines\results\euvp_fastcut_full\test_200\images\fake_B\test_p295_.png,D:\VScode\Graduation project\EUVP Dataset\test_samples\GTr\test_p295_.jpg,16.04162792930321,0.6999422152373992,18.072102857101655,18.85587199340037,16.445016677430807,3.3734335366086947,3.8052831078621185,3.3850712292817846
test_p297,D:\VScode\Graduation project\EUVP Dataset\test_samples\Inp\test_p297_.jpg,D:\VScode\Graduation project\Unpaired_Baselines\results\euvp_fastcut_full\test_200\images\fake_B\test_p297_.png,D:\VScode\Graduation project\EUVP Dataset\test_samples\GTr\test_p297_.jpg,22.621585513976473,0.8449746008396654,29.647088009500074,31.801795680387123,30.67322127786543,4.5515395376798455,4.781603280279059,5.111343317761241
test_p298,D:\VScode\Graduation project\EUVP Dataset\test_samples\Inp\test_p298_.jpg,D:\VScode\Graduation project\Unpaired_Baselines\results\euvp_fastcut_full\test_200\images\fake_B\test_p298_.png,D:\VScode\Graduation project\EUVP Dataset\test_samples\GTr\test_p298_.jpg,15.109880540012695,0.6952402375712238,15.468349527520038,21.295218466038172,13.711278706649805,9.865036612342928,6.941898368844507,10.939398044873649
test_p299,D:\VScode\Graduation project\EUVP Dataset\test_samples\Inp\test_p299_.jpg,D:\VScode\Graduation project\Unpaired_Baselines\results\euvp_fastcut_full\test_200\images\fake_B\test_p299_.png,D:\VScode\Graduation project\EUVP Dataset\test_samples\GTr\test_p299_.jpg,24.350518327435687,0.8090903190065144,26.868048131138767,28.56300593427446,27.969634354265402,5.310183578445427,5.011187275114161,5.816827059875176
test_p29,D:\VScode\Graduation project\EUVP Dataset\test_samples\Inp\test_p29_.jpg,D:\VScode\Graduation project\Unpaired_Baselines\results\euvp_fastcut_full\test_200\images\fake_B\test_p29_.png,D:\VScode\Graduation project\EUVP Dataset\test_samples\GTr\test_p29_.jpg,21.2600112140729,0.6836175676239616,20.84772012280526,21.219424446959867,23.667712067618403,3.471907821972278,3.5018697296126042,3.6473093828234315
test_p2,D:\VScode\Graduation project\EUVP Dataset\test_samples\Inp\test_p2_.jpg,D:\VScode\Graduation project\Unpaired_Baselines\results\euvp_fastcut_full\test_200\images\fake_B\test_p2_.png,D:\VScode\Graduation project\EUVP Dataset\test_samples\GTr\test_p2_.jpg,22.124617978994294,0.4666779729043893,27.892453417327395,31.199355279106474,29.51749101175867,8.41769961245144,10.167830974957612,7.091926569632836
test_p301,D:\VScode\Graduation project\EUVP Dataset\test_samples\Inp\test_p301_.jpg,D:\VScode\Graduation project\Unpaired_Baselines\results\euvp_fastcut_full\test_200\images\fake_B\test_p301_.png,D:\VScode\Graduation project\EUVP Dataset\test_samples\GTr\test_p301_.jpg,26.646523757690073,0.816404381968853,20.915707801265697,25.289794210886033,24.37131930582158,10.662221270475515,10.080817192961499,9.340061687276485
test_p302,D:\VScode\Graduation project\EUVP Dataset\test_samples\Inp\test_p302_.jpg,D:\VScode\Graduation project\Unpaired_Baselines\results\euvp_fastcut_full\test_200\images\fake_B\test_p302_.png,D:\VScode\Graduation project\EUVP Dataset\test_samples\GTr\test_p302_.jpg,20.666106796433166,0.6698639810243584,27.879555681390656,29.230165621980255,29.648798284968183,4.460198711215359,4.682147901584132,4.067229583972309
test_p305,D:\VScode\Graduation project\EUVP Dataset\test_samples\Inp\test_p305_.jpg,D:\VScode\Graduation project\Unpaired_Baselines\results\euvp_fastcut_full\test_200\images\fake_B\test_p305_.png,D:\VScode\Graduation project\EUVP Dataset\test_samples\GTr\test_p305_.jpg,17.739439018957466,0.7010676478976879,16.930764625855236,26.68197516514168,16.10642676300923,3.8781145788660547,3.8799669431821586,3.6746052105672886
test_p306,D:\VScode\Graduation project\EUVP Dataset\test_samples\Inp\test_p306_.jpg,D:\VScode\Graduation project\Unpaired_Baselines\results\euvp_fastcut_full\test_200\images\fake_B\test_p306_.png,D:\VScode\Graduation project\EUVP Dataset\test_samples\GTr\test_p306_.jpg,18.39433750162353,0.7692755015746027,17.22259262836446,24.457690132442593,16.839792121059446,4.953550660210175,4.8246862507113635,5.315377705511421
test_p307,D:\VScode\Graduation project\EUVP Dataset\test_samples\Inp\test_p307_.jpg,D:\VScode\Graduation project\Unpaired_Baselines\results\euvp_fastcut_full\test_200\images\fake_B\test_p307_.png,D:\VScode\Graduation project\EUVP Dataset\test_samples\GTr\test_p307_.jpg,25.24072599784334,0.8032729236092754,26.09716264456903,28.360853902032748,28.136868729248462,4.385090028853863,4.682161770543551,4.732465256365764
test_p308,D:\VScode\Graduation project\EUVP Dataset\test_samples\Inp\test_p308_.jpg,D:\VScode\Graduation project\Unpaired_Baselines\results\euvp_fastcut_full\test_200\images\fake_B\test_p308_.png,D:\VScode\Graduation project\EUVP Dataset\test_samples\GTr\test_p308_.jpg,24.787107517386296,0.8640543749516351,19.933189990296473,22.548944724726184,22.929043743507034,6.415025548654295,5.135684881504385,6.641217549264816
test_p309,D:\VScode\Graduation project\EUVP Dataset\test_samples\Inp\test_p309_.jpg,D:\VScode\Graduation project\Unpaired_Baselines\results\euvp_fastcut_full\test_200\images\fake_B\test_p309_.png,D:\VScode\Graduation project\EUVP Dataset\test_samples\GTr\test_p309_.jpg,18.444587560256764,0.7400957289717424,21.714852398196314,26.120832336155104,23.876800106673233,3.6627102654363486,4.123277517001805,3.986234218078243
test_p30,D:\VScode\Graduation project\EUVP Dataset\test_samples\Inp\test_p30_.jpg,D:\VScode\Graduation project\Unpaired_Baselines\results\euvp_fastcut_full\test_200\images\fake_B\test_p30_.png,D:\VScode\Graduation project\EUVP Dataset\test_samples\GTr\test_p30_.jpg,20.2854791562321,0.6842471722996927,29.628897373201507,32.5300135873018,30.540074832720173,5.09020492439875,6.124883972434775,4.994486260899484
test_p310,D:\VScode\Graduation project\EUVP Dataset\test_samples\Inp\test_p310_.jpg,D:\VScode\Graduation project\Unpaired_Baselines\results\euvp_fastcut_full\test_200\images\fake_B\test_p310_.png,D:\VScode\Graduation project\EUVP Dataset\test_samples\GTr\test_p310_.jpg,19.496593291793868,0.7393073875619423,25.77744472342497,28.37688251505668,26.202506653243777,3.853749507223612,4.645674229420166,4.305189960992565
test_p314,D:\VScode\Graduation project\EUVP Dataset\test_samples\Inp\test_p314_.jpg,D:\VScode\Graduation project\Unpaired_Baselines\results\euvp_fastcut_full\test_200\images\fake_B\test_p314_.png,D:\VScode\Graduation project\EUVP Dataset\test_samples\GTr\test_p314_.jpg,25.094349021836678,0.7284559367816984,22.842250251000742,29.21660081461467,26.484383441228346,5.884248684293888,5.902389293931994,6.144574206480669
test_p315,D:\VScode\Graduation project\EUVP Dataset\test_samples\Inp\test_p315_.jpg,D:\VScode\Graduation project\Unpaired_Baselines\results\euvp_fastcut_full\test_200\images\fake_B\test_p315_.png,D:\VScode\Graduation project\EUVP Dataset\test_samples\GTr\test_p315_.jpg,21.683383265562366,0.8314812026637425,24.88952447885531,23.966487802605535,25.849508839975293,3.6793991357449594,3.795126608825537,3.6156175638510106
test_p316,D:\VScode\Graduation project\EUVP Dataset\test_samples\Inp\test_p316_.jpg,D:\VScode\Graduation project\Unpaired_Baselines\results\euvp_fastcut_full\test_200\images\fake_B\test_p316_.png,D:\VScode\Graduation project\EUVP Dataset\test_samples\GTr\test_p316_.jpg,18.02136084521961,0.7243778424672421,22.077288052205766,25.89257880434472,22.422351477165915,7.466778869120334,5.945673519065217,7.480789160580932
test_p317,D:\VScode\Graduation project\EUVP Dataset\test_samples\Inp\test_p317_.jpg,D:\VScode\Graduation project\Unpaired_Baselines\results\euvp_fastcut_full\test_200\images\fake_B\test_p317_.png,D:\VScode\Graduation project\EUVP Dataset\test_samples\GTr\test_p317_.jpg,15.402299906453905,0.7054355055342775,26.01785795206799,27.504719217980973,30.41731787114667,4.203275587492197,4.236583965739138,4.128321820515543
test_p318,D:\VScode\Graduation project\EUVP Dataset\test_samples\Inp\test_p318_.jpg,D:\VScode\Graduation project\Unpaired_Baselines\results\euvp_fastcut_full\test_200\images\fake_B\test_p318_.png,D:\VScode\Graduation project\EUVP Dataset\test_samples\GTr\test_p318_.jpg,22.06228621458578,0.7615140065044446,16.722822194613595,20.379272212981064,17.282783853919085,4.220964952220783,3.823192044707679,4.340857856061221
